id	first_name	last_name	email	gender	ip_address
1	Hermia	Vardie	hvardie0@reverbnation.com	Female	86.239.28.126
2	Bastian	Handrahan	bhandrahan1@list-manage.com	Male	196.205.97.61
3	Mordecai	Melvin	mmelvin2@nhs.uk	Male	178.209.94.95
4	Daloris	Clapp	dclapp3@youtube.com	Female	223.245.195.69
5	Blanch	Haythorne	bhaythorne4@ocn.ne.jp	Female	244.194.94.144
6	Tawsha	Balazs	tbalazs5@prnewswire.com	Female	105.52.33.68
7	Corbin	Fernihough	cfernihough6@youtu.be	Male	144.7.84.101
8	Worthington	Horick	whorick7@un.org	Male	57.130.114.44
9	Wat	Casari	wcasari8@virginia.edu	Male	15.132.183.243
10	Erminia	Maton	ematon9@gmpg.org	Female	220.196.252.244
11	Alistair	Telfer	atelfera@ebay.co.uk	Male	121.59.129.150
12	Paco	Toffler	ptofflerb@quantcast.com	Male	52.70.29.44
13	Reinhold	Dysart	rdysartc@ezinearticles.com	Male	84.26.152.75
14	Ricca	Halliberton	rhallibertond@feedburner.com	Female	242.225.31.190
15	Kalindi	Bridgett	kbridgette@xrea.com	Female	221.15.248.87
16	Gonzalo	Biever	gbieverf@w3.org	Male	115.60.168.5
17	Raven	Jillins	rjillinsg@businessinsider.com	Female	151.146.149.36
18	Bond	Crippill	bcrippillh@reverbnation.com	Male	31.183.83.22
19	Ami	Simeone	asimeonei@eventbrite.com	Female	234.108.136.195
20	Othilia	Chalice	ochalicej@hhs.gov	Female	31.82.14.94
21	Kristy	Dable	kdablek@spiegel.de	Female	3.96.184.125
22	D'arcy	Duligal	dduligall@is.gd	Male	252.180.83.89
23	Barret	Rottenbury	brottenburym@t.co	Male	190.248.43.121
24	Josie	Kleinstern	jkleinsternn@technorati.com	Female	77.23.184.17
25	Morly	Francke	mfranckeo@sohu.com	Male	104.98.29.248
26	Reinald	Roft	rroftp@quantcast.com	Male	123.233.160.227
27	Electra	Matton	emattonq@printfriendly.com	Female	221.218.139.48
28	Brunhilde	Burdas	bburdasr@360.cn	Female	93.39.60.235
29	Shelbi	Smithyman	ssmithymans@youku.com	Female	114.104.208.60
30	Roger	Fowles	rfowlest@tinypic.com	Male	64.83.184.164
31	Belita	Jelley	bjelleyu@cyberchimps.com	Female	56.135.28.12
32	Lorain	Crammy	lcrammyv@pbs.org	Female	114.228.100.158
33	Hansiain	Aguilar	haguilarw@list-manage.com	Male	189.222.81.247
34	Christiano	Skylett	cskylettx@ucoz.ru	Male	97.131.59.107
35	Hayes	L'argent	hlargenty@oaic.gov.au	Male	50.7.136.60
36	Ardelis	Ziemecki	aziemeckiz@mozilla.com	Female	247.147.68.163
37	Corinne	Poulden	cpoulden10@free.fr	Female	215.142.209.196
38	Jilly	Samwaye	jsamwaye11@weebly.com	Female	117.43.10.22
39	Correy	Tisor	ctisor12@mac.com	Male	116.137.254.83
40	Jesse	Cullivan	jcullivan13@un.org	Female	240.186.255.40
41	Dion	Secombe	dsecombe14@wp.com	Male	85.44.105.19
42	Lari	Gorwood	lgorwood15@cdbaby.com	Female	239.98.68.110
43	Terry	Oldis	toldis16@google.nl	Female	188.132.87.111
44	Tilda	Peake	tpeake17@npr.org	Female	252.98.230.133
45	Kim	Ibbeson	kibbeson18@vinaora.com	Male	1.191.17.131
46	Emmie	Munday	emunday19@slideshare.net	Female	247.117.202.183
47	Niki	Dampney	ndampney1a@last.fm	Male	151.194.31.8
48	Tess	Rintoul	trintoul1b@linkedin.com	Female	14.25.3.72
49	Townie	Dunge	tdunge1c@nymag.com	Male	8.161.206.214
50	Elizabeth	Burchess	eburchess1d@kickstarter.com	Female	96.57.32.18
51	Roseanne	Jerche	rjerche1e@jugem.jp	Female	168.204.231.159
52	Rossy	Faveryear	rfaveryear1f@ustream.tv	Male	20.118.174.31
53	Melissa	Orman	morman1g@telegraph.co.uk	Female	55.47.219.159
54	Max	Eagell	meagell1h@opensource.org	Female	185.16.211.106
55	Travis	Winterbottom	twinterbottom1i@cafepress.com	Male	53.85.116.167
56	Corny	Daniele	cdaniele1j@posterous.com	Male	3.181.21.207
57	Phebe	Dowdall	pdowdall1k@simplemachines.org	Female	131.236.1.89
58	Erskine	Wrigley	ewrigley1l@eepurl.com	Male	186.236.142.131
59	Jerrie	Linnard	jlinnard1m@unc.edu	Male	253.96.1.122
60	Shea	Turford	sturford1n@4shared.com	Male	196.198.111.243
61	Darleen	Hannabus	dhannabus1o@stumbleupon.com	Female	20.234.228.213
62	Jacynth	Amsberger	jamsberger1p@wix.com	Female	202.195.126.223
63	Brad	Abrey	babrey1q@myspace.com	Male	56.177.104.220
64	Deeyn	Magowan	dmagowan1r@unicef.org	Female	26.36.184.49
65	Christian	Papaccio	cpapaccio1s@wikispaces.com	Female	79.130.23.129
66	Leticia	Maidment	lmaidment1t@moonfruit.com	Female	35.253.201.244
67	Nessa	Targetter	ntargetter1u@theglobeandmail.com	Female	131.200.95.240
68	Mackenzie	Perryn	mperryn1v@slate.com	Male	200.253.96.172
69	Marjie	Rentenbeck	mrentenbeck1w@liveinternet.ru	Female	34.112.99.32
70	Emmi	Beddin	ebeddin1x@usda.gov	Female	218.28.6.58
71	Ruttger	Ferrulli	rferrulli1y@seesaa.net	Male	252.137.161.208
72	Idelle	O'Dougherty	iodougherty1z@skyrock.com	Female	59.147.83.69
73	Warren	Kornousek	wkornousek20@europa.eu	Male	0.29.31.163
74	Ernst	Cordrey	ecordrey21@ow.ly	Male	72.231.112.193
75	Marlow	Maslin	mmaslin22@squidoo.com	Male	205.98.54.123
76	Tye	Dederich	tdederich23@free.fr	Male	140.4.106.148
77	Isadore	Dodgson	idodgson24@pagesperso-orange.fr	Male	190.188.208.108
78	Silva	Kingscote	skingscote25@xing.com	Female	98.12.171.185
79	Bartholomew	Fretson	bfretson26@howstuffworks.com	Male	131.104.161.198
80	Juan	Ofer	jofer27@angelfire.com	Male	232.68.168.64
81	Noach	Dobel	ndobel28@netscape.com	Male	4.196.166.43
82	Sigismondo	Cano	scano29@opensource.org	Male	27.149.232.136
83	Forrest	Rishworth	frishworth2a@smugmug.com	Male	195.233.42.140
84	Arabele	Davie	adavie2b@aboutads.info	Female	162.90.224.242
85	Piotr	Robard	probard2c@umn.edu	Male	169.215.167.204
86	Kaia	Marian	kmarian2d@netlog.com	Female	60.146.183.198
87	Raimund	Witz	rwitz2e@scientificamerican.com	Male	123.156.29.8
88	Clim	Knocker	cknocker2f@liveinternet.ru	Male	124.151.183.164
89	Maxwell	Cavet	mcavet2g@abc.net.au	Male	127.102.125.112
90	Dewitt	Wisedale	dwisedale2h@friendfeed.com	Male	0.206.96.135
91	Shell	Durbin	sdurbin2i@hexun.com	Male	54.6.159.49
92	Terri	Rishman	trishman2j@geocities.com	Male	30.219.8.90
93	Conway	Bridgnell	cbridgnell2k@patch.com	Male	77.13.229.254
94	Terry	Trunkfield	ttrunkfield2l@vinaora.com	Male	135.219.88.89
95	Michaeline	Beckers	mbeckers2m@tumblr.com	Female	194.6.100.84
96	Keefer	Franzke	kfranzke2n@paginegialle.it	Male	137.245.170.16
97	Jermaine	Benham	jbenham2o@csmonitor.com	Female	83.47.18.39
98	Josy	Kernar	jkernar2p@dailymail.co.uk	Female	241.242.227.216
99	Blakeley	Boffey	bboffey2q@cmu.edu	Female	185.135.200.55
100	North	Checci	nchecci2r@altervista.org	Male	153.123.93.207
